,checked domain,accession,domain description,protein,protein description,protein coordinates,e-value
0,BRCT,PF00533.29,BRCA1 C Terminus (BRCT) domain,CAH1641015.1,unnamed protein product [Spodoptera littoralis],+3878060:3896756,1e-38
1,GF_recep_IV,PF14843.9,Growth factor receptor domain IV,CAH1647486.1,unnamed protein product [Spodoptera littoralis],+7033003:7048084,3.5e-40
2,DUF3512,PF12024.11,Domain of unknown function (DUF3512),CAH1639418.1,unnamed protein product [Spodoptera littoralis],+971831:977269,2e-29
3,PRMT5,PF05185.19,PRMT5 arginine-N-methyltransferase,CAH1643567.1,unnamed protein product [Spodoptera littoralis],+10548577:10551757,1.1e-60
4,BPL_C,PF02237.20,Biotin protein ligase C terminal domain,CAH1636078.1,unnamed protein product [Spodoptera littoralis],-6687975:6699096,0.00025
5,Fibrillarin,PF01269.20,Fibrillarin,CAH1642410.1,unnamed protein product [Spodoptera littoralis],+1846048:1850808,3.4e-109
6,Surp,PF01805.23,Surp module,CAH1635528.1,unnamed protein product [Spodoptera littoralis],+2157480:2162055,1.5e-44
7,Fox-1_C,PF12414.11,Calcitonin gene-related peptide regulator C terminal,,,,
8,BAH,PF01426.21,BAH domain,CAH1641477.1,unnamed protein product [Spodoptera littoralis],-4669402:4705801,8.3e-36
9,HUN,PF08729.13,HPC2 and ubinuclein domain,CAH1634926.1,unnamed protein product [Spodoptera littoralis],+12656096:12682068,9.5e-18
10,PEHE,PF15275.9,PEHE domain,CAH1647593.1,unnamed protein product [Spodoptera littoralis],-10858478:10868619,5.9e-19
11,zf-CCHC,PF00098.26,Zinc knuckle,CAH1640467.1,unnamed protein product [Spodoptera littoralis],+12794001:12795499,1.5e-44
12,zf-HC5HC2H_2,PF13832.9,PHD-zinc-finger like domain,CAH1641193.1,unnamed protein product [Spodoptera littoralis],+9159963:9181414,3.3e-36
13,Bromodomain,PF00439.28,Bromodomain,CAH1641477.1,unnamed protein product [Spodoptera littoralis],-4669402:4705801,6.1e-108
14,PAD,PF03068.18,Protein-arginine deiminase (PAD),,,,
15,Auts2,PF15336.9,Autism susceptibility gene 2 protein,CAH1638167.1,unnamed protein product [Spodoptera littoralis],+7464234:7516473,5e-11
16,Nucleic_acid_bd,PF13820.9,Putative nucleic acid-binding region,CAH1640783.1,unnamed protein product [Spodoptera littoralis],+9715206:9724760,1.5e-24
17,JAB,PF01398.24,JAB1/Mov34/MPN/PAD-1 ubiquitin protease,CAH1646275.1,unnamed protein product [Spodoptera littoralis],+13376048:13378283,4.8e-35
18,DUF4208,PF13907.9,Domain of unknown function (DUF4208),CAH1639757.1,unnamed protein product [Spodoptera littoralis],+9986298:9997681,1.2e-23
19,SH2,PF00017.27,SH2 domain,CAH1635383.1,unnamed protein product [Spodoptera littoralis],+12639720:12641627,2.7e-48
20,SAP30_Sin3_bdg,PF13867.9,Sin3 binding region of histone deacetylase complex subunit SAP30,CAH1635350.1,unnamed protein product [Spodoptera littoralis],+11319688:11320462,7.1e-25
21,Helicase_RecD,PF05127.17,Helicase,CAH1634893.1,unnamed protein product [Spodoptera littoralis],+10880380:10896117,2.4e-56
22,WWE,PF02825.23,WWE domain,CAH1638697.1,unnamed protein product [Spodoptera littoralis],+6373575:6378040,1.6e-16
23,GNAT_acetyltr_2,PF13718.9,GNAT acetyltransferase 2,CAH1634893.1,unnamed protein product [Spodoptera littoralis],+10880380:10896117,1.5e-94
24,Chromo,PF00385.27,Chromo (CHRromatin Organisation MOdifier) domain,CAH1638682.1,unnamed protein product [Spodoptera littoralis],-6231315:6238438,2.9e-29
25,SNF2-rel_dom,PF00176.26,SNF2-related domain,CAH1635166.1,unnamed protein product [Spodoptera littoralis],+7008156:7013153,5.9e-80
26,Nucleoplasmin,PF03066.18,Nucleoplasmin/nucleophosmin domain,CAH1641668.1,unnamed protein product [Spodoptera littoralis],-12226027:12228975,4.1e-34
27,GUCT,PF08152.15,GUCT (NUC152) domain,,,,
28,PAD_N,PF08526.13,Protein-arginine deiminase (PAD) N-terminal domain,,,,
29,ELM2,PF01448.27,ELM2 domain,CAH1637854.1,unnamed protein product [Spodoptera littoralis],-10092497:10137297,1.3e-15
30,MBT,PF02820.21,mbt repeat,CAH1646531.1,unnamed protein product [Spodoptera littoralis],+6072369:6077911,4.6e-85
31,Sgf11,PF08209.14,Sgf11 (transcriptional regulation protein),CAH1637864.1,unnamed protein product [Spodoptera littoralis],-10410501:10413434,9.4e-17
32,HAT_KAT11,PF08214.14,Histone acetylation protein,CAH1635027.1,unnamed protein product [Spodoptera littoralis],+3067858:3086038,3.1e-74
33,BRCT_assoc,PF12820.10,Serine-rich domain associated with BRCT,,,,
34,EZH2_WD-Binding,PF11616.11,WD repeat binding protein EZH2,,,,
35,BTB,PF00651.34,BTB/POZ domain,CAH1641004.1,unnamed protein product [Spodoptera littoralis],-3666196:3681100,8e-46
36,Cullin,PF00888.25,Cullin family,CAH1644931.1,unnamed protein product [Spodoptera littoralis],-7498700:7504919,2.4e-226
37,DNAPKcs_CC3,PF08163.15,"DNA-dependent protein kinase catalytic subunit, CC3",,,,
38,PK_C,PF02887.19,"Pyruvate kinase, alpha/beta domain",CAH1646964.1,unnamed protein product [Spodoptera littoralis],-2864368:2883000,4.1e-36
39,HMG_box_2,PF09011.13,HMG-box domain,CAH1635349.1,unnamed protein product [Spodoptera littoralis],-11308081:11315876,7.4e-33
40,HIRAN,PF08797.14,HIRAN domain,,,,
41,KH_1,PF00013.32,KH domain,CAH1646067.1,unnamed protein product [Spodoptera littoralis],-7649069:7656193,3.5e-186
42,DTHCT,PF08070.14,DTHCT (NUC029) region,CAH1639531.1,unnamed protein product [Spodoptera littoralis],-4971177:4973782,0.0035
43,BRCA-2_OB3,PF09104.13,"BRCA2, oligonucleotide/oligosaccharide-binding, domain 3",CAH1642217.1,unnamed protein product [Spodoptera littoralis],+2019640:2030563,1.2e-21
44,TP1,PF02079.19,Nuclear transition protein 1,,,,
45,PAS_11,PF14598.9,PAS domain,CAH1635990.1,unnamed protein product [Spodoptera littoralis],+5209922:5265282,3.6e-35
46,zf-C5HC2,PF02928.19,C5HC2 zinc finger,CAH1646640.1,unnamed protein product [Spodoptera littoralis],+8897776:8900217,3.4e-15
47,ASXH,PF13919.9,Asx homology domain,CAH1645081.1,unnamed protein product [Spodoptera littoralis],-10594826:10599240,5.5e-41
48,JmjC_2,PF08007.15,JmjC domain,CAH1636324.1,unnamed protein product [Spodoptera littoralis],+1569297:1571093,1.2e-35
49,zf-TFIIIC,PF12660.10,Putative zinc-finger of transcription factor IIIC complex,,,,
50,PCNA_N,PF00705.21,"Proliferating cell nuclear antigen, N-terminal domain",CAH1644110.1,unnamed protein product [Spodoptera littoralis],-3168631:3171460,5.2e-60
51,Toprim,PF01751.25,Toprim domain,CAH1645426.1,unnamed protein product [Spodoptera littoralis],-5083064:5090742,1.4e-18
52,Methyltransf_10,PF05971.15,RNA methyltransferase,CAH1638254.1,unnamed protein product [Spodoptera littoralis],-9520929:9523343,3.2e-79
53,Methyltransf_31,PF13847.9,Methyltransferase domain,CAH1645177.1,unnamed protein product [Spodoptera littoralis],-14554885:14566621,1.9e-18
54,Nucleoporin2,PF04096.17,Nucleoporin autopeptidase,CAH1642705.1,unnamed protein product [Spodoptera littoralis],+2851613:2906694,2e-42
55,RAMA,PF18755.4,Restriction Enzyme Adenine Methylase Associated,CAH1644879.1,unnamed protein product [Spodoptera littoralis],-6432956:6437501,9.8e-34
56,2OG-FeII_Oxy_2,PF13532.9,2OG-Fe(II) oxygenase superfamily,CAH1636908.1,unnamed protein product [Spodoptera littoralis],+7787193:7788286,9.4e-35
57,MBD,PF01429.22,Methyl-CpG binding domain,CAH1637368.1,unnamed protein product [Spodoptera littoralis],-8326533:8334423,1.2e-32
58,SAGA-Tad1,PF12767.10,"Transcriptional regulator of RNA polII, SAGA, subunit",CAH1635082.1,unnamed protein product [Spodoptera littoralis],-5348397:5349709,2.9e-21
59,MATH,PF00917.29,MATH domain,CAH1645593.1,unnamed protein product [Spodoptera littoralis],+9647945:9663243,6.9e-18
60,HATPase_c,PF02518.29,"Histidine kinase-, DNA gyrase B-, and HSP90-like ATPase",CAH1643984.1,unnamed protein product [Spodoptera littoralis],-9562385:9564538,1.8e-15
61,TPR_2,PF07719.20,Tetratricopeptide repeat,CAH1636401.1,unnamed protein product [Spodoptera littoralis],-5040958:5055233,4.4e-69
62,RCC1,PF00415.21,Regulator of chromosome condensation (RCC1) repeat,CAH1643653.1,unnamed protein product [Spodoptera littoralis],+12303061:12359747,8.9e-194
63,F-box,PF00646.36,F-box domain,CAH1641604.1,unnamed protein product [Spodoptera littoralis],-10100325:10105733,9e-11
64,E_Pc_C,PF06752.15,Enhancer of Polycomb C-terminus,,,,
65,E2F_TDP,PF02319.23,E2F/DP family winged-helix DNA-binding domain,CAH1643341.1,unnamed protein product [Spodoptera littoralis],-6834305:6835474,7.2e-35
66,DMAP_binding,PF06464.14,DMAP1-binding Domain,CAH1647452.1,unnamed protein product [Spodoptera littoralis],-5437902:5471275,3.9e-22
67,Transposase_1,PF01359.21,Transposase (partial DDE domain),,,,
68,IKKbetaNEMObind,PF12179.11,I-kappa-kinase-beta NEMO binding domain,,,,
69,Ubiquitin_3,PF14836.9,Ubiquitin-like domain,,,,
70,PP2C,PF00481.24,Protein phosphatase 2C,CAH1637542.1,unnamed protein product [Spodoptera littoralis],-1672672:1684866,2.1e-80
71,TAF6_C,PF07571.16,TAF6 C-terminal HEAT repeat domain,CAH1643379.1,unnamed protein product [Spodoptera littoralis],+7294713:7301011,1.1e-26
72,Forkhead,PF00250.21,Forkhead domain,CAH1647566.1,unnamed protein product [Spodoptera littoralis],-9909935:9910945,2.2e-40
73,Prp31_C,PF09785.12,Prp31 C terminal domain,CAH1646218.1,unnamed protein product [Spodoptera littoralis],-11597036:11617128,5.7e-45
74,JmjN,PF02375.20,jmjN domain,CAH1644006.1,unnamed protein product [Spodoptera littoralis],-10191434:10213307,2.8e-16
75,SRRM_C,PF15230.9,Serine/arginine repetitive matrix protein C-terminus,,,,
76,CHDNT,PF08073.15,CHDNT (NUC034) domain,CAH1646241.1,unnamed protein product [Spodoptera littoralis],-12545371:12562062,1.4e-27
77,NuA4,PF09340.13,Histone acetyltransferase subunit NuA4,CAH1644399.1,unnamed protein product [Spodoptera littoralis],-9995745:9996965,4.9e-27
78,RNase_PH,PF01138.24,"3' exoribonuclease family, domain 1",CAH1637908.1,unnamed protein product [Spodoptera littoralis],+12154305:12164958,1.3e-40
79,bZIP_1,PF00170.24,bZIP transcription factor,CAH1646095.1,unnamed protein product [Spodoptera littoralis],+8015242:8020754,1.4e-18
80,HSR,PF03172.16,HSR domain,,,,
81,Actin,PF00022.22,Actin,CAH1638458.1,unnamed protein product [Spodoptera littoralis],-14568093:14569223,1e-150
82,LIM,PF00412.25,LIM domain,CAH1644565.1,unnamed protein product [Spodoptera littoralis],-13537103:13623142,3.1e-69
83,DUF1087,PF06465.16,"CHD subfamily II, DUF1087",CAH1646241.1,unnamed protein product [Spodoptera littoralis],-12545371:12562062,1.3e-26
84,TP2,PF01254.21,Nuclear transition protein 2,,,,
85,CENP-C_mid,PF15620.9,Centromere assembly component CENP-C middle DNMT3B-binding region,,,,
86,PP4R3,PF04802.18,Phosphatase 4 regulatory subunit 3,CAH1637682.1,unnamed protein product [Spodoptera littoralis],-6601169:6608613,1.7e-77
87,TruB_N,PF01509.21,TruB family pseudouridylate synthase (N terminal domain),CAH1642089.1,unnamed protein product [Spodoptera littoralis],+5833757:5838674,3.1e-22
88,Acetyltransf_7,PF13508.10,Acetyltransferase (GNAT) domain,CAH1636901.1,unnamed protein product [Spodoptera littoralis],-7727620:7728632,1.3e-12
89,FTO_CTD,PF12934.10,FTO C-terminal domain,CAH1638749.1,unnamed protein product [Spodoptera littoralis],+6954214:6957027,0.0067
90,BRCA-2_helical,PF09169.13,"BRCA2, helical",CAH1642217.1,unnamed protein product [Spodoptera littoralis],+2019640:2030563,4.9e-12
91,P53_TAD,PF08563.14,P53 transactivation motif,,,,
92,Mtf2_C,PF14061.9,Polycomb-like MTF2 factor 2,CAH1643560.1,unnamed protein product [Spodoptera littoralis],+10510169:10517930,4e-05
93,ZZ,PF00569.20,"Zinc finger, ZZ type",CAH1635027.1,unnamed protein product [Spodoptera littoralis],+3067858:3086038,3.1e-13
94,Hat1_N,PF10394.12,Histone acetyl transferase HAT1 N-terminus,CAH1636032.1,unnamed protein product [Spodoptera littoralis],+6016902:6019675,1.8e-45
95,zf-H2C2_2,PF13465.9,Zinc-finger double domain,CAH1645407.1,unnamed protein product [Spodoptera littoralis],-4775451:4786993,1.8e-113
96,PseudoU_synth_2,PF00849.25,RNA pseudouridylate synthase,CAH1642597.1,unnamed protein product [Spodoptera littoralis],-334588:336266,4.8e-29
97,RB_A,PF01858.20,Retinoblastoma-associated protein A domain,CAH1640199.1,unnamed protein product [Spodoptera littoralis],-4960956:4969017,7e-56
98,DDE_1,PF03184.22,DDE superfamily endonuclease,CAH1636479.1,unnamed protein product [Spodoptera littoralis],+7490055:7492303,2.2e-15
99,Homez,PF11569.11,"Homeodomain leucine-zipper encoding, Homez",CAH1641515.1,unnamed protein product [Spodoptera littoralis],+6093138:6133400,0.0056
100,BAF250_C,PF12031.11,SWI/SNF-like complex subunit BAF250/Osa,CAH1636114.1,unnamed protein product [Spodoptera littoralis],+8269597:8353093,8e-98
101,Ipi1_N,PF12333.11,Rix1 complex component involved in 60S ribosome maturation,CAH1636561.1,unnamed protein product [Spodoptera littoralis],+9946382:9948585,3.9e-22
102,Radical_SAM,PF04055.24,Radical SAM superfamily,CAH1638954.1,unnamed protein product [Spodoptera littoralis],-651903:656466,3.9e-32
103,MRG,PF05712.16,MRG,CAH1637420.1,unnamed protein product [Spodoptera littoralis],+10547295:10550951,4.1e-47
104,PABP,PF00658.21,"Poly-adenylate binding protein, unique domain",CAH1639697.1,unnamed protein product [Spodoptera littoralis],-8969313:8973070,4.8e-30
105,BRK,PF07533.19,BRK domain,CAH1644974.1,unnamed protein product [Spodoptera littoralis],-8378072:8390956,4.5e-17
106,PrmA,PF06325.16,Ribosomal protein L11 methyltransferase (PrmA),CAH1641864.1,unnamed protein product [Spodoptera littoralis],+9845710:9869776,6.4e-15
107,UQ_con,PF00179.29,Ubiquitin-conjugating enzyme,CAH1636016.1,unnamed protein product [Spodoptera littoralis],-5823123:5824661,3.7e-54
108,RAG2_PHD,PF13341.9,RAG2 PHD domain,,,,
109,Chromo_shadow,PF01393.22,Chromo shadow domain,CAH1641157.1,unnamed protein product [Spodoptera littoralis],-8532314:8533864,2.8e-30
110,RBB1NT,PF08169.14,RBB1NT (NUC162) domain,CAH1637749.1,unnamed protein product [Spodoptera littoralis],+8139165:8153953,3.2e-18
111,zf-RanBP,PF00641.21,Zn-finger in Ran binding protein and others,CAH1634691.1,unnamed protein product [Spodoptera littoralis],+2485475:2507278,1.2e-26
112,SAM_1,PF00536.33,SAM domain (Sterile alpha motif),CAH1647103.1,unnamed protein product [Spodoptera littoralis],-7223654:7328821,2.3e-28
113,SLED,PF12140.11,SLED domain,CAH1639976.1,unnamed protein product [Spodoptera littoralis],+15584775:15596319,2.9e-29
114,FTO_NTD,PF12933.10,FTO catalytic domain,CAH1646334.1,unnamed protein product [Spodoptera littoralis],+14577339:14583728,0.0037
115,PAN_1,PF00024.29,PAN domain,CAH1640245.1,unnamed protein product [Spodoptera littoralis],+6149888:6165610,2.7e-42
116,ARID,PF01388.24,ARID/BRIGHT DNA binding domain,CAH1637749.1,unnamed protein product [Spodoptera littoralis],+8139165:8153953,2.3e-24
117,TFIID_30kDa,PF03540.16,Transcription initiation factor TFIID 23-30kDa subunit,CAH1642083.1,unnamed protein product [Spodoptera littoralis],+5632737:5635125,1e-12
118,CUT,PF02376.18,CUT domain,CAH1641325.1,unnamed protein product [Spodoptera littoralis],+12550520:12581906,1.8e-82
119,PCAF_N,PF06466.14,PCAF (P300/CBP-associated factor) N-terminal domain,CAH1634768.1,unnamed protein product [Spodoptera littoralis],+6174558:6190532,1.3e-117
120,Tower,PF09121.13,Tower,,,,
121,SPT16,PF08644.14,FACT complex subunit (SPT16/CDC68),CAH1646245.1,unnamed protein product [Spodoptera littoralis],+12591595:12600502,1.1e-58
122,HSP70,PF00012.23,Hsp70 protein,CAH1642051.1,unnamed protein product [Spodoptera littoralis],+4224391:4250635,9.4e-270
123,NOPS,PF08075.14,NOPS (NUC059) domain,CAH1646730.1,unnamed protein product [Spodoptera littoralis],-10648598:10654432,7.9e-24
124,TAFH,PF07531.17,NHR1 homology to TAF,CAH1647914.1,unnamed protein product [Spodoptera littoralis],-20884169:20899621,4.1e-32
125,DUF1325,PF07039.14,SGF29 tudor-like domain,CAH1640198.1,unnamed protein product [Spodoptera littoralis],+4957565:4959507,6.5e-35
126,UME,PF08064.16,UME (NUC010) domain,CAH1645455.1,unnamed protein product [Spodoptera littoralis],+5632144:5651122,7.1e-15
127,DNA_gyraseB,PF00204.28,DNA gyrase B,CAH1638543.1,unnamed protein product [Spodoptera littoralis],+2359236:2371390,5.8e-26
128,PGC7_Stella,PF15549.9,PGC7/Stella/Dppa3 domain,CAH1644109.1,unnamed protein product [Spodoptera littoralis],+3156861:3165700,0.0041
129,TPR_8,PF13181.9,Tetratricopeptide repeat,CAH1636401.1,unnamed protein product [Spodoptera littoralis],-5040958:5055233,5.4e-61
130,hEGF,PF12661.10,Human growth factor-like EGF,CAH1643719.1,unnamed protein product [Spodoptera littoralis],+14769782:14921128,4.1e-146
131,DNA_topoisoIV,PF00521.23,"DNA gyrase/topoisomerase IV, subunit A",CAH1638543.1,unnamed protein product [Spodoptera littoralis],+2359236:2371390,8.3e-131
132,PPP4R2,PF09184.14,PPP4R2,CAH1636820.1,unnamed protein product [Spodoptera littoralis],+6098053:6099519,1.6e-60
133,zf-C2H2_6,PF13912.9,C2H2-type zinc finger,CAH1637009.1,unnamed protein product [Spodoptera littoralis],+11337684:11341275,5.5e-25
134,CpG_bind_C,PF12269.11,CpG binding protein C-terminal domain,CAH1637623.1,unnamed protein product [Spodoptera littoralis],-5276949:5284972,4.3e-102
135,zf_Hakai,PF18408.4,C2H2 Hakai zinc finger domain,CAH1644113.1,unnamed protein product [Spodoptera littoralis],-3178320:3182293,9.4e-19
136,Sin3_corepress,PF08295.15,Sin3 family co-repressor,CAH1642887.1,unnamed protein product [Spodoptera littoralis],-1265822:1302544,6.8e-39
137,FATC,PF02260.23,FATC domain,CAH1639268.1,unnamed protein product [Spodoptera littoralis],+10202450:10211757,1.2e-17
138,HTH_Tnp_Tc3_2,PF01498.21,Transposase,CAH1642033.1,unnamed protein product [Spodoptera littoralis],-3704390:3724275,0.0031
139,ELP6,PF09807.12,Elongation complex protein 6,CAH1645514.1,unnamed protein product [Spodoptera littoralis],+7613447:7614184,2.5e-18
140,FYRC,PF05965.17,F/Y rich C-terminus,CAH1636012.1,unnamed protein product [Spodoptera littoralis],-5794167:5810285,2.4e-22
141,ING,PF12998.10,Inhibitor of growth proteins N-terminal histone-binding,CAH1639044.1,unnamed protein product [Spodoptera littoralis],+3220335:3221159,3.6e-29
142,AT_hook,PF02178.22,AT hook motif,CAH1641461.1,unnamed protein product [Spodoptera littoralis],-4092949:4100903,2.8e-05
143,PWWP,PF00855.20,PWWP domain,CAH1641585.1,unnamed protein product [Spodoptera littoralis],-9479506:9496942,9.4e-22
144,PAZ,PF02170.25,PAZ domain,CAH1646633.1,unnamed protein product [Spodoptera littoralis],-8538335:8552666,1.3e-33
145,Myb_DNA-binding,PF00249.34,Myb-like DNA-binding domain,CAH1641761.1,unnamed protein product [Spodoptera littoralis],-4813919:4860789,3.5e-45
146,Leo1,PF04004.16,Leo1-like protein,CAH1636120.1,unnamed protein product [Spodoptera littoralis],-8460092:8467406,1.6e-52
147,PK,PF00224.24,"Pyruvate kinase, barrel domain",CAH1646964.1,unnamed protein product [Spodoptera littoralis],-2864368:2883000,2.4e-159
148,RING_CBP-p300,PF06001.16,"CREB-binding protein/p300, atypical RING domain",CAH1635027.1,unnamed protein product [Spodoptera littoralis],+3067858:3086038,8e-24
149,EPL1,PF10513.12,Enhancer of polycomb-like,CAH1641193.1,unnamed protein product [Spodoptera littoralis],+9159963:9181414,2.9e-22
150,TUDOR,PF00567.27,Tudor domain,CAH1635655.1,unnamed protein product [Spodoptera littoralis],+6582428:6593118,1e-70
151,zf-UBP,PF02148.22,Zn-finger in ubiquitin-hydrolases and other protein,CAH1637240.1,unnamed protein product [Spodoptera littoralis],-3366609:3371645,5e-20
152,PADR1,PF08063.15,PADR1 (NUC008) domain,CAH1644174.1,unnamed protein product [Spodoptera littoralis],-4835413:4847394,4.3e-23
153,ClpS,PF02617.20,ATP-dependent Clp protease adaptor protein ClpS,CAH1634717.1,unnamed protein product [Spodoptera littoralis],+3779183:3822259,1.1e-17
154,UBA,PF00627.34,UBA/TS-N domain,CAH1646096.1,unnamed protein product [Spodoptera littoralis],-8026202:8027149,4.4e-26
155,MORN,PF02493.23,MORN repeat,CAH1644867.1,unnamed protein product [Spodoptera littoralis],-6161904:6187977,6.1e-38
156,DND1_DSRM,PF14709.10,double strand RNA binding domain from DEAD END PROTEIN 1,CAH1636584.1,unnamed protein product [Spodoptera littoralis],-11004747:11023903,2.4e-14
157,CAF1-p150_C2,PF15539.9,"CAF1 complex subunit p150, region binding to CAF1-p60 at C-term",,,,
158,CBS,PF00571.31,CBS domain,CAH1647796.1,unnamed protein product [Spodoptera littoralis],+15521316:15567286,3.1e-33
159,zf-C2H2_4,PF13894.9,C2H2-type zinc finger,CAH1645407.1,unnamed protein product [Spodoptera littoralis],-4775451:4786993,1.7e-61
160,HDAC4_Gln,PF12203.11,Glutamine rich N terminal domain of histone deacetylase 4,,,,
161,PAPA-1,PF04795.15,PAPA-1-like conserved region,CAH1646003.1,unnamed protein product [Spodoptera littoralis],+6087115:6088227,0.00011
162,zf-PARP,PF00645.21,Poly(ADP-ribose) polymerase and DNA-Ligase Zn-finger region,CAH1644174.1,unnamed protein product [Spodoptera littoralis],-4835413:4847394,2.1e-36
163,Cohesin_HEAT,PF12765.10,HEAT repeat associated with sister chromatid cohesion,CAH1646074.1,unnamed protein product [Spodoptera littoralis],-7696085:7708141,2.1e-11
164,zf-TAZ,PF02135.19,TAZ zinc finger,CAH1635027.1,unnamed protein product [Spodoptera littoralis],+3067858:3086038,1.3e-29
165,TPR_1,PF00515.31,Tetratricopeptide repeat,CAH1636401.1,unnamed protein product [Spodoptera littoralis],-5040958:5055233,4.6e-88
166,Cdc6_C,PF09079.14,"CDC6, C terminal winged helix domain",CAH1645022.1,unnamed protein product [Spodoptera littoralis],-9094530:9098927,2e-12
167,BRCA2,PF00634.21,BRCA2 repeat,CAH1642217.1,unnamed protein product [Spodoptera littoralis],+2019640:2030563,6.1e-105
168,TFIID_20kDa,PF03847.16,Transcription initiation factor TFIID subunit A,CAH1635973.1,unnamed protein product [Spodoptera littoralis],-4745152:4747167,5.4e-29
169,S1,PF00575.26,S1 RNA binding domain,CAH1640692.1,unnamed protein product [Spodoptera littoralis],-7040576:7044574,1.7e-18
170,DUF1518,PF07469.15,"Nuclear receptor coactivator, DUF1518",,,,
171,zf-RING_2,PF13639.9,Ring finger domain,CAH1643154.1,unnamed protein product [Spodoptera littoralis],+3027933:3063121,1.2e-13
172,C2,PF00168.33,C2 domain,CAH1647837.1,unnamed protein product [Spodoptera littoralis],-17247996:17421926,3.7e-71
173,TFIIIC_delta,PF12657.10,Transcription factor IIIC subunit delta N-term,,,,
174,Kelch_3,PF13415.9,"Galactose oxidase, central domain",CAH1641004.1,unnamed protein product [Spodoptera littoralis],-3666196:3681100,6.8e-36
175,Pkinase,PF00069.28,Protein kinase domain,CAH1636428.1,unnamed protein product [Spodoptera littoralis],+6546259:6556906,1.9e-135
176,SWIRM,PF04433.20,SWIRM domain,CAH1636074.1,unnamed protein product [Spodoptera littoralis],+6656325:6677037,5.5e-33
177,HHH_7,PF14635.9,Helix-hairpin-helix motif,CAH1638337.1,unnamed protein product [Spodoptera littoralis],+10821930:10834437,2.9e-36
178,TAF8_C,PF10406.12,Transcription factor TFIID complex subunit 8 C-term,CAH1636894.1,unnamed protein product [Spodoptera littoralis],+7670656:7673643,2.2e-19
179,DNA_pol_phi,PF04931.16,DNA polymerase phi,CAH1641215.1,unnamed protein product [Spodoptera littoralis],+9606438:9610689,1.2e-136
180,Forkhead_N,PF08430.15,Forkhead N-terminal region,CAH1637617.1,unnamed protein product [Spodoptera littoralis],-4657665:4658726,5.3e-13
181,PARP_reg,PF02877.17,"Poly(ADP-ribose) polymerase, regulatory domain",CAH1644174.1,unnamed protein product [Spodoptera littoralis],-4835413:4847394,8.1e-44
182,KIX,PF02172.19,KIX domain,CAH1635027.1,unnamed protein product [Spodoptera littoralis],+3067858:3086038,4.1e-40
183,Rb_C,PF08934.13,Rb C-terminal domain,,,,
184,DEAD,PF00270.32,DEAD/DEAH box helicase,CAH1641175.1,unnamed protein product [Spodoptera littoralis],+8705771:8710347,7.1e-62
185,Kringle,PF00051.21,Kringle domain,CAH1644247.1,unnamed protein product [Spodoptera littoralis],-7257483:7259405,8.3e-24
186,P68HR,PF08061.14,P68HR (NUC004) repeat,,,,
187,P53_tetramer,PF07710.14,P53 tetramerisation motif,,,,
188,TFIID_NTD2,PF04494.18,"WD40 associated region in TFIID subunit, NTD2 domain",CAH1644939.1,unnamed protein product [Spodoptera littoralis],+7892157:7896297,1.6e-41
189,Sam68-YY,PF16568.8,Tyrosine-rich domain of Sam68,,,,
190,Myosin_head,PF00063.24,Myosin head (motor domain),CAH1645756.1,unnamed protein product [Spodoptera littoralis],-14448160:14515763,0
191,DP,PF08781.13,Transcription factor DP,CAH1644958.1,unnamed protein product [Spodoptera littoralis],-8099319:8104941,1.7e-58
192,HhH-GPD,PF00730.28,HhH-GPD superfamily base excision DNA repair protein,CAH1645331.1,unnamed protein product [Spodoptera littoralis],-2815940:2819705,6.4e-22
193,FACT-Spt16_Nlob,PF14826.9,FACT complex subunit SPT16 N-terminal lobe domain,CAH1646245.1,unnamed protein product [Spodoptera littoralis],+12591595:12600502,3.3e-52
194,Kelch_1,PF01344.28,Kelch motif,CAH1645225.1,unnamed protein product [Spodoptera littoralis],-15572092:15577719,1.1e-93
195,P53,PF00870.21,P53 DNA-binding domain,CAH1641307.1,unnamed protein product [Spodoptera littoralis],+11492875:11502483,3.3e-54
196,TIP49,PF06068.16,TIP49 P-loop domain,CAH1644177.1,unnamed protein product [Spodoptera littoralis],+4870716:4875364,7e-172
197,zf-C4,PF00105.21,"Zinc finger, C4 type (two domains)",CAH1642965.1,unnamed protein product [Spodoptera littoralis],-3973445:3998964,8.4e-32
198,Laminin_G_2,PF02210.27,Laminin G domain,CAH1637538.1,unnamed protein product [Spodoptera littoralis],-1446911:1616303,2.5e-153
199,Hira,PF07569.14,TUP1-like enhancer of split,CAH1645851.1,unnamed protein product [Spodoptera littoralis],+2257390:2277282,4.1e-28
200,CNH,PF00780.25,CNH domain,CAH1643477.1,unnamed protein product [Spodoptera littoralis],-8883425:8895438,3e-62
201,FAT,PF02259.26,FAT domain,CAH1639270.1,unnamed protein product [Spodoptera littoralis],-10217964:10226761,6.5e-106
202,zf-HC5HC2H,PF13771.9,PHD-like zinc-binding domain,CAH1641193.1,unnamed protein product [Spodoptera littoralis],+9159963:9181414,4.9e-26
203,DMAP1,PF05499.15,DNA methyltransferase 1-associated protein 1 (DMAP1),CAH1646765.1,unnamed protein product [Spodoptera littoralis],+11457418:11462626,5.3e-72
204,DRY_EERY,PF09750.12,Alternative splicing regulator,CAH1636917.1,unnamed protein product [Spodoptera littoralis],+8694460:8701068,1.4e-39
205,Mst1_SARAH,PF11629.11,C terminal SARAH domain of Mst1,CAH1639422.1,unnamed protein product [Spodoptera littoralis],-1106739:1122870,9.8e-22
206,SAP18,PF06487.15,Sin3 associated polypeptide p18 (SAP18),CAH1636440.1,unnamed protein product [Spodoptera littoralis],-6727831:6728513,5.1e-40
207,HMG14_17,PF01101.21,HMG14 and HMG17,,,,
208,HHH_5,PF14520.9,Helix-hairpin-helix domain,CAH1647006.1,unnamed protein product [Spodoptera littoralis],-4045852:4048525,7.8e-09
209,Nup96,PF12110.11,Nuclear protein 96,CAH1642705.1,unnamed protein product [Spodoptera littoralis],+2851613:2906694,2.6e-53
210,zf-UBR,PF02207.23,Putative zinc finger in N-recognin (UBR box),CAH1634717.1,unnamed protein product [Spodoptera littoralis],+3779183:3822259,1.4e-20
211,MutS_IV,PF05190.21,MutS family domain IV,CAH1636480.1,unnamed protein product [Spodoptera littoralis],-7533655:7556519,1.8e-17
212,WHIM1,PF15612.9,"WSTF, HB1, Itc1p, MBD9 motif 1",CAH1646097.1,unnamed protein product [Spodoptera littoralis],-8029833:8044847,2.4e-06
213,HSA,PF07529.16,HSA domain,CAH1646380.1,unnamed protein product [Spodoptera littoralis],+15730885:15740539,2.6e-20
214,PAS,PF00989.28,PAS fold,CAH1637619.1,unnamed protein product [Spodoptera littoralis],-4742954:4835524,2.2e-20
215,NAD_binding_2,PF03446.18,NAD binding domain of 6-phosphogluconate dehydrogenase,CAH1647773.1,unnamed protein product [Spodoptera littoralis],+15058157:15063976,1.6e-43
216,PBD,PF00786.31,P21-Rho-binding domain,CAH1643374.1,unnamed protein product [Spodoptera littoralis],+7234640:7240724,6.4e-25
217,WGR,PF05406.18,WGR domain,CAH1644173.1,unnamed protein product [Spodoptera littoralis],+4815260:4828274,7e-23
218,SH3_9,PF14604.9,Variant SH3 domain,CAH1642825.1,unnamed protein product [Spodoptera littoralis],+7975810:8012244,8.9e-51
219,HNH,PF01844.26,HNH endonuclease,,,,
220,PCNA_C,PF02747.18,"Proliferating cell nuclear antigen, C-terminal domain",CAH1644110.1,unnamed protein product [Spodoptera littoralis],-3168631:3171460,4.1e-62
221,T-box,PF00907.25,T-box,CAH1644821.1,unnamed protein product [Spodoptera littoralis],-5425524:5460178,4e-72
222,Nuc_rec_co-act,PF08815.13,Nuclear receptor coactivator,,,,
223,DNA_methylase,PF00145.20,C-5 cytosine-specific DNA methylase,CAH1638129.1,unnamed protein product [Spodoptera littoralis],-6101945:6109133,3.9e-53
224,TPR_11,PF13414.9,TPR repeat,CAH1636401.1,unnamed protein product [Spodoptera littoralis],-5040958:5055233,1.2e-88
225,DEK_C,PF08766.14,DEK C terminal domain,CAH1640685.1,unnamed protein product [Spodoptera littoralis],-6943165:6961423,7.4e-17
226,SSrecog,PF03531.17,Structure-specific recognition protein (SSRP1),CAH1638331.1,unnamed protein product [Spodoptera littoralis],-10739963:10751228,7.7e-29
227,SPOC,PF07744.16,SPOC domain,CAH1640370.1,unnamed protein product [Spodoptera littoralis],+9885615:9887864,1.7e-37
228,EXOSC1,PF10447.12,Exosome component EXOSC1/CSL4,,,,
229,DOT1,PF08123.16,Histone methylation protein DOT1,CAH1639624.1,unnamed protein product [Spodoptera littoralis],-7295006:7317050,3.8e-79
230,Skp1,PF01466.22,"Skp1 family, dimerisation domain",CAH1635138.1,unnamed protein product [Spodoptera littoralis],-6654728:6655216,1.4e-28
231,RFX_DNA_binding,PF02257.18,RFX DNA-binding domain,CAH1644578.1,unnamed protein product [Spodoptera littoralis],+14053746:14075642,4.2e-33
232,Ank_4,PF13637.9,Ankyrin repeats (many copies),CAH1635817.1,unnamed protein product [Spodoptera littoralis],+12938471:12958255,3e-118
233,PAH,PF02671.24,Paired amphipathic helix repeat,CAH1642887.1,unnamed protein product [Spodoptera littoralis],-1265822:1302544,6.6e-44
234,zf-CCCH,PF00642.27,Zinc finger C-x8-C-x5-C-x3-H type (and similar),CAH1638480.1,unnamed protein product [Spodoptera littoralis],+581183:582395,5.6e-23
235,MutS_II,PF05188.20,MutS domain II,CAH1638343.1,unnamed protein product [Spodoptera littoralis],+11159752:11170465,6.2e-11
236,SPT6_acidic,PF14632.9,Acidic N-terminal SPT6,CAH1638337.1,unnamed protein product [Spodoptera littoralis],+10821930:10834437,7.1e-15
237,Mis14,PF08641.15,Kinetochore protein Mis14 like,,,,
238,DUF3776,PF12618.11,Protein of unknown function (DUF3776),,,,
239,DUF3452,PF11934.11,Domain of unknown function (DUF3452),CAH1640199.1,unnamed protein product [Spodoptera littoralis],-4960956:4969017,3.1e-43
240,G-patch,PF01585.26,G-patch domain,CAH1641686.1,unnamed protein product [Spodoptera littoralis],+139515:141713,4.8e-17
241,TTD,PF12148.11,Tandem tudor domain within UHRF1,CAH1647903.1,unnamed protein product [Spodoptera littoralis],+20481964:20492929,1.2e-40
242,TFIID-31kDa,PF02291.18,"Transcription initiation factor IID, 31kD subunit",CAH1638961.1,unnamed protein product [Spodoptera littoralis],-696034:697782,2.8e-50
243,Peptidase_C12,PF01088.24,"Ubiquitin carboxyl-terminal hydrolase, family 1",CAH1638220.1,unnamed protein product [Spodoptera littoralis],-8676761:8682058,9.5e-68
244,CHDII_SANT-like,PF06461.14,"CHD subfamily II, SANT-like domain",CAH1646241.1,unnamed protein product [Spodoptera littoralis],-12545371:12562062,6.8e-60
245,Pkinase_C,PF00433.27,Protein kinase C terminal domain,CAH1644157.1,unnamed protein product [Spodoptera littoralis],-4549308:4567819,1.2e-11
246,SSXRD,PF09514.13,SSXRD motif,,,,
247,HJURP_mid,PF12346.11,Holliday junction recognition protein-associated repeat,,,,
248,14-3-3,PF00244.23,14-3-3 protein,CAH1639619.1,unnamed protein product [Spodoptera littoralis],+7211500:7213508,1.7e-129
249,EnY2,PF10163.12,Transcription factor e(y)2,CAH1644917.1,unnamed protein product [Spodoptera littoralis],-7290573:7291330,4.4e-30
250,YqgF,PF14639.9,Holliday-junction resolvase-like of SPT6,CAH1638337.1,unnamed protein product [Spodoptera littoralis],+10821930:10834437,4.8e-34
251,RRM_1,PF00076.25,"RNA recognition motif. (a.k.a. RRM, RBD, or RNP domain)",CAH1639697.1,unnamed protein product [Spodoptera littoralis],-8969313:8973070,4.1e-84
252,ASF1_hist_chap,PF04729.16,ASF1 like histone chaperone,CAH1642774.1,unnamed protein product [Spodoptera littoralis],-5243285:5243935,9.2e-71
253,JmjC,PF02373.25,"JmjC domain, hydroxylase",CAH1644006.1,unnamed protein product [Spodoptera littoralis],-10191434:10213307,3.6e-45
254,N-SET,PF11764.11,COMPASS (Complex proteins associated with Set1p) component N,CAH1641166.1,unnamed protein product [Spodoptera littoralis],+8617530:8632537,1.8e-22
255,LRR_4,PF12799.10,Leucine Rich repeats (2 copies),CAH1645100.1,unnamed protein product [Spodoptera littoralis],+10967381:10971943,1.3e-64
256,Voldacs,PF03517.16,Regulator of volume decrease after cellular swelling,CAH1642405.1,unnamed protein product [Spodoptera littoralis],-1775680:1779248,7.3e-25
257,dsrm,PF00035.29,Double-stranded RNA binding motif,CAH1639527.1,unnamed protein product [Spodoptera littoralis],-4872776:4882584,5.9e-34
258,E3_UbLigase_EDD,PF11547.11,E3 ubiquitin ligase EDD,CAH1643368.1,unnamed protein product [Spodoptera littoralis],-7143825:7166779,2.9e-30
259,SOCS_box,PF07525.19,SOCS box,CAH1642521.1,unnamed protein product [Spodoptera littoralis],+6194403:6209073,4e-10
260,MutS_I,PF01624.23,MutS domain I,CAH1636100.1,unnamed protein product [Spodoptera littoralis],+7420742:7436841,2.6e-30
261,Ada3,PF10198.12,Histone acetyltransferases subunit 3,CAH1639191.1,unnamed protein product [Spodoptera littoralis],-8676863:8678251,1.9e-23
262,CENP_C_N,PF15622.9,Kinetochore assembly subunit CENP-C N-terminal,,,,
263,SnAC,PF14619.9,"Snf2-ATP coupling, chromatin remodelling complex",,,,
264,TAN,PF11640.11,Telomere-length maintenance and DNA damage repair,CAH1634771.1,unnamed protein product [Spodoptera littoralis],+6326029:6356760,8.7e-08
265,zf-RING_5,PF14634.9,zinc-RING finger domain,CAH1639731.1,unnamed protein product [Spodoptera littoralis],-9550027:9552929,4.3e-10
266,SSXT,PF05030.15,SSXT protein (N-terminal region),CAH1644791.1,unnamed protein product [Spodoptera littoralis],-5027080:5029017,1.4e-30
267,2-Hacid_dh,PF00389.33,"D-isomer specific 2-hydroxyacid dehydrogenase, catalytic domain",CAH1647793.1,unnamed protein product [Spodoptera littoralis],+15439063:15446146,6.6e-34
268,Methyltransf_8,PF05148.18,Hypothetical methyltransferase,CAH1634981.1,unnamed protein product [Spodoptera littoralis],+741579:743944,8.6e-84
269,DUF913,PF06025.15,Domain of Unknown Function (DUF913),,,,
270,Ank,PF00023.33,Ankyrin repeat,CAH1643887.1,unnamed protein product [Spodoptera littoralis],+3779655:3856047,4.9e-116
271,SRC-1,PF08832.13,Steroid receptor coactivator,,,,
272,WD40,PF00400.35,"WD domain, G-beta repeat",CAH1638292.1,unnamed protein product [Spodoptera littoralis],+10036738:10055476,1.2e-63
273,Cupin_8,PF13621.9,Cupin-like domain,CAH1640673.1,unnamed protein product [Spodoptera littoralis],+6746895:6751082,1.5e-76
274,CBFD_NFYB_HMF,PF00808.26,Histone-like transcription factor (CBF/NF-Y) and archaeal histone,CAH1645028.1,unnamed protein product [Spodoptera littoralis],-9125665:9126777,2.2e-20
275,DDT,PF02791.20,DDT domain,CAH1646097.1,unnamed protein product [Spodoptera littoralis],-8029833:8044847,2.4e-13
276,TAF,PF02969.20,TATA box binding protein associated factor (TAF),CAH1643379.1,unnamed protein product [Spodoptera littoralis],+7294713:7301011,7.1e-28
277,CARM1,PF11531.11,Coactivator-associated arginine methyltransferase 1 N terminal,CAH1640810.1,unnamed protein product [Spodoptera littoralis],+10658698:10660295,1.3e-06
278,Arrestin_N,PF00339.32,"Arrestin (or S-antigen), N-terminal domain",CAH1637349.1,unnamed protein product [Spodoptera littoralis],-7730483:7740825,1.8e-45
279,CENP-C_C,PF11699.11,Mif2/CENP-C like,,,,
280,BRCA-2_OB1,PF09103.13,"BRCA2, oligonucleotide/oligosaccharide-binding, domain 1",CAH1642217.1,unnamed protein product [Spodoptera littoralis],+2019640:2030563,3.1e-37
281,Trypsin,PF00089.29,Trypsin,CAH1637192.1,unnamed protein product [Spodoptera littoralis],+1780328:1787613,3e-103
282,PAXNEB,PF05625.14,PAXNEB protein,CAH1635123.1,unnamed protein product [Spodoptera littoralis],-6414516:6419879,5.3e-85
283,RRM_8,PF11835.11,RRM-like domain,CAH1644189.1,unnamed protein product [Spodoptera littoralis],+5514562:5556541,5.8e-15
284,HJURP_C,PF12347.11,Holliday junction regulator protein family C-terminal repeat,CAH1639521.1,unnamed protein product [Spodoptera littoralis],+4598545:4607114,6.7e-16
285,HTH_44,PF14641.9,Helix-turn-helix DNA-binding domain of SPT6,CAH1638337.1,unnamed protein product [Spodoptera littoralis],+10821930:10834437,1.6e-22
286,DBINO,PF13892.9,DNA-binding domain,CAH1635963.1,unnamed protein product [Spodoptera littoralis],+4009732:4025775,6.3e-45
287,UBM,PF14377.9,Ubiquitin binding region,,,,
288,MCRS_N,PF13325.9,N-terminal region of micro-spherule protein,CAH1639553.1,unnamed protein product [Spodoptera littoralis],-5453758:5480662,1.4e-85
289,ENT,PF03735.17,ENT domain,CAH1644718.1,unnamed protein product [Spodoptera littoralis],-3811201:3814743,1e-23
290,SLIDE,PF09111.13,SLIDE,CAH1635166.1,unnamed protein product [Spodoptera littoralis],+7008156:7013153,6.8e-44
291,AAA,PF00004.32,ATPase family associated with various cellular activities (AAA),CAH1640418.1,unnamed protein product [Spodoptera littoralis],-10821096:10830065,1.1e-95
292,Methyltransf_18,PF12847.10,Methyltransferase domain,CAH1637549.1,unnamed protein product [Spodoptera littoralis],+1767997:1773321,0.00042
293,zf-met,PF12874.10,Zinc-finger of C2H2 type,CAH1637450.1,unnamed protein product [Spodoptera littoralis],+11976554:11985152,9.9e-21
294,CAF1-p150_N,PF15557.9,"CAF1 complex subunit p150, region binding to PCNA",,,,
295,RRM_5,PF13893.9,"RNA recognition motif. (a.k.a. RRM, RBD, or RNP domain)",CAH1644189.1,unnamed protein product [Spodoptera littoralis],+5514562:5556541,2.2e-47
296,THRAP3_BCLAF1,PF15440.9,THRAP3/BCLAF1 family,,,,
297,SH2_2,PF14633.9,SH2 domain,CAH1638337.1,unnamed protein product [Spodoptera littoralis],+10821930:10834437,1.4e-83
298,Rad51,PF08423.14,Rad51,CAH1637608.1,unnamed protein product [Spodoptera littoralis],-4284463:4288443,9.2e-131
299,PHD,PF00628.32,PHD-finger,CAH1646972.1,unnamed protein product [Spodoptera littoralis],-3401755:3438116,4.7e-30
300,Peptidase_C48,PF02902.22,"Ulp1 protease family, C-terminal catalytic domain",CAH1644636.1,unnamed protein product [Spodoptera littoralis],-668547:671980,5.7e-43
301,CAF-1_p60_C,PF15512.9,"Chromatin assembly factor complex 1 subunit p60, C-terminal",,,,
302,Acetyltransf_1,PF00583.28,Acetyltransferase (GNAT) family,CAH1636901.1,unnamed protein product [Spodoptera littoralis],-7727620:7728632,1.2e-18
303,YL1_C,PF08265.14,YL1 nuclear protein C-terminal domain,CAH1645695.1,unnamed protein product [Spodoptera littoralis],-12588925:12589540,1.7e-11
304,FHA,PF00498.29,FHA domain,CAH1638653.1,unnamed protein product [Spodoptera littoralis],+5833337:5842749,2.8e-17
305,SAP25,PF15476.9,Histone deacetylase complex subunit SAP25,,,,
306,VEFS-Box,PF09733.12,VEFS-Box of polycomb protein,CAH1638588.1,unnamed protein product [Spodoptera littoralis],-4496191:4501389,8.4e-50
307,Ribosomal_L7Ae,PF01248.29,Ribosomal protein L7Ae/L30e/S12e/Gadd45 family,CAH1640642.1,unnamed protein product [Spodoptera littoralis],-5697837:5700406,3e-30
308,OST-HTH,PF12872.10,OST-HTH/LOTUS domain,CAH1645564.1,unnamed protein product [Spodoptera littoralis],-8571112:8589249,8.9e-24
309,MMS1_N,PF10433.12,Mono-functional DNA-alkylating methyl methanesulfonate N-term,CAH1638806.1,unnamed protein product [Spodoptera littoralis],-8408364:8415755,6.3e-179
310,SET,PF00856.31,SET domain,CAH1636012.1,unnamed protein product [Spodoptera littoralis],-5794167:5810285,2.1e-21
311,Elong_Iki1,PF10483.12,Elongator subunit Iki1,CAH1641213.1,unnamed protein product [Spodoptera littoralis],+9592389:9593144,2.7e-13
312,Qua1,PF16274.8,Qua1 domain,CAH1640797.1,unnamed protein product [Spodoptera littoralis],-10032138:10036284,6.3e-05
313,zf-MYND,PF01753.21,MYND finger,CAH1643702.1,unnamed protein product [Spodoptera littoralis],+14068812:14080853,1.8e-10
314,Rad54_N,PF08658.13,Rad54 N terminal,CAH1641117.1,unnamed protein product [Spodoptera littoralis],+7630625:7632919,2.1e-05
315,NAP,PF00956.21,Nucleosome assembly protein (NAP),CAH1634764.1,unnamed protein product [Spodoptera littoralis],+5843374:5857754,1.2e-101
316,CAF1A,PF12253.11,Chromatin assembly factor 1 subunit A,CAH1637272.1,unnamed protein product [Spodoptera littoralis],+4339992:4345100,3.4e-25
317,TAF4,PF05236.17,Transcription initiation factor TFIID component TAF4 family,CAH1647914.1,unnamed protein product [Spodoptera littoralis],-20884169:20899621,4.4e-68
318,PRY,PF13765.9,SPRY-associated domain,,,,
319,SNF5,PF04855.15,SNF5 / SMARCB1 / INI1,CAH1641277.1,unnamed protein product [Spodoptera littoralis],-10794004:10804578,1.1e-55
320,NAD_binding_11,PF14833.9,NAD-binding of NADP-dependent 3-hydroxyisobutyrate dehydrogenase,CAH1645310.1,unnamed protein product [Spodoptera littoralis],-2377066:2389819,1.9e-35
321,MOZ_SAS,PF01853.21,MOZ/SAS family,CAH1645363.1,unnamed protein product [Spodoptera littoralis],+3681386:3682714,3.8e-85
322,zf-rbx1,PF12678.10,RING-H2 zinc finger domain,CAH1635928.1,unnamed protein product [Spodoptera littoralis],-1456541:1463677,1.3e-08
323,Metallophos,PF00149.31,Calcineurin-like phosphoesterase,CAH1641211.1,unnamed protein product [Spodoptera littoralis],+9582535:9588355,1.2e-40
324,WAC_Acf1_DNA_bd,PF10537.12,ATP-utilising chromatin assembly and remodelling N-terminal,CAH1637943.1,unnamed protein product [Spodoptera littoralis],-13090403:13109119,4.1e-31
325,AMPKBI,PF04739.18,"5'-AMP-activated protein kinase beta subunit, interaction domain",CAH1646614.1,unnamed protein product [Spodoptera littoralis],-8318678:8319965,2.8e-26
326,Skp1_POZ,PF03931.18,"Skp1 family, tetramerisation domain",CAH1635138.1,unnamed protein product [Spodoptera littoralis],-6654728:6655216,8.2e-26
327,Nop,PF01798.21,"snoRNA binding domain, fibrillarin",CAH1645235.1,unnamed protein product [Spodoptera littoralis],+15732604:15734719,6.7e-83
328,Haspin_kinase,PF12330.11,Haspin like kinase domain,CAH1636620.1,unnamed protein product [Spodoptera littoralis],+13031106:13051887,1.3e-55
329,BRE,PF06113.15,Brain and reproductive organ-expressed protein (BRE),CAH1644225.1,unnamed protein product [Spodoptera littoralis],-6324560:6326591,9.9e-114
330,DnaJ,PF00226.34,DnaJ domain,CAH1646089.1,unnamed protein product [Spodoptera littoralis],-7931117:7936218,5.6e-29
331,PARP,PF00644.23,Poly(ADP-ribose) polymerase catalytic domain,CAH1644174.1,unnamed protein product [Spodoptera littoralis],-4835413:4847394,3.7e-70
332,zf-C2H2,PF00096.29,"Zinc finger, C2H2 type",CAH1645407.1,unnamed protein product [Spodoptera littoralis],-4775451:4786993,8e-78
333,HIRA_B,PF09453.13,HIRA B motif,CAH1645851.1,unnamed protein product [Spodoptera littoralis],+2257390:2277282,7.7e-07
334,Noc2,PF03715.16,Noc2p family,CAH1644804.1,unnamed protein product [Spodoptera littoralis],-5145812:5148684,2.9e-114
335,Slu7,PF11708.11,Pre-mRNA splicing Prp18-interacting factor,CAH1636629.1,unnamed protein product [Spodoptera littoralis],-13413120:13417850,1.2e-102
336,zf-C3Hc3H,PF13891.9,Potential DNA-binding domain,CAH1643001.1,unnamed protein product [Spodoptera littoralis],-6257503:6267288,3.2e-27
337,NUC202,PF08166.15,NUC202 domain,,,,
338,HARP,PF07443.16,HepA-related protein (HARP),CAH1639309.1,unnamed protein product [Spodoptera littoralis],-11642914:11658324,9.3e-21
339,PLU-1,PF08429.14,PLU-1-like protein,CAH1644006.1,unnamed protein product [Spodoptera littoralis],-10191434:10213307,1.4e-71
340,zf-C3HC4,PF00097.28,"Zinc finger, C3HC4 type (RING finger)",CAH1635031.1,unnamed protein product [Spodoptera littoralis],-3170987:3175630,5.9e-11
341,Amino_oxidase,PF01593.27,Flavin containing amine oxidoreductase,CAH1636458.1,unnamed protein product [Spodoptera littoralis],-6998681:7001054,1.1e-77
342,zf-B_box,PF00643.27,B-box zinc finger,CAD0217590.1,unnamed protein product [Spodoptera littoralis],-112737:129591,3.1e-12
343,Atrophin-1,PF03154.18,Atrophin-1 family,CAH1638372.1,unnamed protein product [Spodoptera littoralis],-11847521:11853022,2.3e-31
344,FYRN,PF05964.17,F/Y-rich N-terminus,CAH1646972.1,unnamed protein product [Spodoptera littoralis],-3401755:3438116,1.8e-18
345,Tantalus,PF15386.9,Drosophila Tantalus-like,CAH1645938.1,unnamed protein product [Spodoptera littoralis],-3968117:3968763,2.4e-09
346,LEDGF,PF11467.11,Lens epithelium-derived growth factor (LEDGF),CAH1642994.1,unnamed protein product [Spodoptera littoralis],-5963842:5990413,2.2e-37
347,KRAB,PF01352.30,KRAB box,,,,
348,Paf1,PF03985.16,Paf1,CAH1634763.1,unnamed protein product [Spodoptera littoralis],-5837322:5842382,2.1e-140
349,LRR_6,PF13516.9,Leucine Rich repeat,CAH1643079.1,unnamed protein product [Spodoptera littoralis],-9379533:9392376,4.8e-33
350,TmcA_N,PF08351.14,"tRNA(Met) cytidine acetyltransferase TmcA, N-terminal",CAH1634893.1,unnamed protein product [Spodoptera littoralis],+10880380:10896117,9.4e-55
351,Rtt106,PF08512.15,Histone chaperone Rttp106-like,CAH1638331.1,unnamed protein product [Spodoptera littoralis],-10739963:10751228,7.9e-26
352,Furin-like,PF00757.23,Furin-like cysteine rich region,CAH1647486.1,unnamed protein product [Spodoptera littoralis],+7033003:7048084,8.3e-35
353,zf-CCHC_6,PF15288.9,Zinc knuckle,CAH1645480.1,unnamed protein product [Spodoptera littoralis],+6802199:6826757,8.5e-08
354,HARE-HTH,PF05066.16,"HB1, ASXL, restriction endonuclease HTH domain",,,,
355,ECH_1,PF00378.23,Enoyl-CoA hydratase/isomerase,CAH1645719.1,unnamed protein product [Spodoptera littoralis],+13189402:13196833,2.4e-87
356,RB_B,PF01857.23,Retinoblastoma-associated protein B domain,CAH1640199.1,unnamed protein product [Spodoptera littoralis],-4960956:4969017,2.6e-47
357,YTH,PF04146.18,YT521-B-like domain,CAH1638685.1,unnamed protein product [Spodoptera littoralis],+6244528:6245862,4.7e-44
358,Methyltransf_16,PF10294.12,Lysine methyltransferase,CAH1635660.1,unnamed protein product [Spodoptera littoralis],+6626473:6627419,1.2e-36
359,RBM1CTR,PF08081.14,RBM1CTR (NUC064) family,,,,
360,Methyltr_RsmB-F,PF01189.20,16S rRNA methyltransferase RsmB/F,CAH1645997.1,unnamed protein product [Spodoptera littoralis],+5783911:5788168,1.9e-74
361,MutS_V,PF00488.24,MutS domain V,CAH1636100.1,unnamed protein product [Spodoptera littoralis],+7420742:7436841,8.7e-69
362,Mago_nashi,PF02792.17,Mago nashi protein,CAH1643249.1,unnamed protein product [Spodoptera littoralis],-5558961:5559673,1e-75
363,zf-RING_6,PF14835.9,zf-RING of BARD1-type protein,CAH1644153.1,unnamed protein product [Spodoptera littoralis],-4511549:4515009,0.00011
364,Exo_endo_phos,PF03372.26,Endonuclease/Exonuclease/phosphatase family,CAH1635804.1,unnamed protein product [Spodoptera littoralis],+12796793:12802552,1.3e-25
365,PAXIP1_C,PF15364.9,PAXIP1-associated-protein-1 C term PTIP binding protein,CAH1643789.1,unnamed protein product [Spodoptera littoralis],+16309722:16310180,5.3e-21
366,SRI,PF08236.14,SRI (Set2 Rpb1 interacting) domain,,,,
367,SAP,PF02037.30,SAP domain,CAH1638638.1,unnamed protein product [Spodoptera littoralis],-5509265:5529330,5.1e-13
368,SAND,PF01342.24,SAND domain,CAH1647400.1,unnamed protein product [Spodoptera littoralis],-3257304:3260512,2.9e-25
369,SCA7,PF08313.15,"SCA7, zinc-binding domain",CAH1641087.1,unnamed protein product [Spodoptera littoralis],+6581381:6583516,1.6e-26
370,HABP4_PAI-RBP1,PF04774.18,Hyaluronan / mRNA binding family,CAH1645862.1,unnamed protein product [Spodoptera littoralis],+2470645:2471814,4.4e-27
371,ECR1_N,PF14382.9,Exosome complex exonuclease RRP4 N-terminal region,CAH1643617.1,unnamed protein product [Spodoptera littoralis],-11630016:11632031,8.3e-13
372,WSD,PF15613.9,"Williams-Beuren syndrome DDT (WSD), D-TOX E motif",CAH1637943.1,unnamed protein product [Spodoptera littoralis],-13090403:13109119,4.9e-15
373,CHZ,PF09649.13,Histone chaperone domain CHZ,,,,
374,RSB_motif,PF16294.8,RNSP1-SAP18 binding (RSB) motif,,,,
375,HnRNP_M_NLS,PF11532.11,HnRNP M nuclear localisation signal,,,,
376,Methyltransf_11,PF08241.15,Methyltransferase domain,CAH1636521.1,unnamed protein product [Spodoptera littoralis],-8400247:8404351,2.1e-19
377,Creb_binding,PF09030.13,Creb binding,CAH1635027.1,unnamed protein product [Spodoptera littoralis],+3067858:3086038,1.2e-17
378,PWI,PF01480.20,PWI domain,CAH1644329.1,unnamed protein product [Spodoptera littoralis],-8619173:8626201,1.4e-29
379,PI3_PI4_kinase,PF00454.30,Phosphatidylinositol 3- and 4-kinase,CAH1639270.1,unnamed protein product [Spodoptera littoralis],-10217964:10226761,1.4e-74
380,zf-C2H2_jaz,PF12171.11,Zinc-finger double-stranded RNA-binding,CAH1645407.1,unnamed protein product [Spodoptera littoralis],-4775451:4786993,1.3e-25
381,MutS_III,PF05192.21,MutS domain III,CAH1636480.1,unnamed protein product [Spodoptera littoralis],-7533655:7556519,2e-35
382,WW,PF00397.29,WW domain,CAH1644982.1,unnamed protein product [Spodoptera littoralis],+8458992:8465898,7.5e-48
383,Nbs1_C,PF08599.13,DNA damage repair protein Nbs1,,,,
384,SIR2,PF02146.20,Sir2 family,CAH1637607.1,unnamed protein product [Spodoptera littoralis],+4276435:4280651,1.2e-61
385,Rubis-subs-bind,PF09273.14,Rubisco LSMT substrate-binding,CAH1636836.1,unnamed protein product [Spodoptera littoralis],-6282459:6307342,2.3e-16
386,Nipped-B_C,PF12830.10,Sister chromatid cohesion C-terminus,CAH1646074.1,unnamed protein product [Spodoptera littoralis],-7696085:7708141,1e-66
387,zf-CW,PF07496.18,CW-type Zinc Finger,CAH1645956.1,unnamed protein product [Spodoptera littoralis],+4644620:4646594,1.4e-14
388,zf-C2HC,PF01530.21,"Zinc finger, C2HC type",CAH1646210.1,unnamed protein product [Spodoptera littoralis],+11414220:11436799,1.7e-35
389,DUF3591,PF12157.11,Protein of unknown function (DUF3591),CAH1645480.1,unnamed protein product [Spodoptera littoralis],+6802199:6826757,4.2e-164
390,CAF-1_p150,PF11600.11,"Chromatin assembly factor 1 complex p150 subunit, N-terminal",,,,
391,PHD_3,PF13922.9,"PHD domain of transcriptional enhancer, Asx",CAH1645081.1,unnamed protein product [Spodoptera littoralis],-10594826:10599240,7e-19
392,RNase_PH_C,PF03725.18,"3' exoribonuclease family, domain 2",CAH1637903.1,unnamed protein product [Spodoptera littoralis],+12024280:12034937,1.7e-19
393,Sds3,PF08598.14,Sds3-like,CAH1645837.1,unnamed protein product [Spodoptera littoralis],+1974499:1978393,8.5e-19
394,Glyco_transf_41,PF13844.9,Glycosyl transferase family 41,CAH1636401.1,unnamed protein product [Spodoptera littoralis],-5040958:5055233,1.8e-303
395,PK_Tyr_Ser-Thr,PF07714.20,Protein tyrosine and serine/threonine kinase,CAH1640329.1,unnamed protein product [Spodoptera littoralis],+8190866:8216028,9.6e-112
396,HA2,PF04408.26,Helicase associated domain (HA2),CAH1642520.1,unnamed protein product [Spodoptera littoralis],-6173237:6185748,1.6e-25
397,Dpy-30,PF05186.16,Dpy-30 motif,CAH1646793.1,unnamed protein product [Spodoptera littoralis],+12686103:12686554,2.5e-21
398,TLE_N,PF03920.18,Groucho/TLE N-terminal Q-rich domain,CAH1637373.1,unnamed protein product [Spodoptera littoralis],-8437141:8497237,1.3e-64
399,EGF,PF00008.30,EGF-like domain,CAH1643719.1,unnamed protein product [Spodoptera littoralis],+14769782:14921128,8.5e-225
400,LRR_1,PF00560.36,Leucine Rich Repeat,CAH1635794.1,unnamed protein product [Spodoptera littoralis],+12432166:12465801,1.3e-24
401,Yippee-Mis18,PF03226.17,"Yippee zinc-binding/DNA-binding /Mis18, centromere assembly",CAH1635384.1,unnamed protein product [Spodoptera littoralis],-12647871:12648837,6.2e-14
402,SAD_SRA,PF02182.20,SAD/SRA domain,CAH1647903.1,unnamed protein product [Spodoptera littoralis],+20481964:20492929,1.9e-56
403,YEATS,PF03366.19,YEATS family,CAH1645845.1,unnamed protein product [Spodoptera littoralis],+2157855:2160371,3.3e-34
404,Methyltransf_PK,PF05891.15,AdoMet dependent proline di-methyltransferase,CAH1644969.1,unnamed protein product [Spodoptera littoralis],+8299894:8300687,1.5e-77
405,zf-H2C2_5,PF13909.9,C2H2-type zinc-finger domain,CAH1647362.1,unnamed protein product [Spodoptera littoralis],+1793322:1810856,1.1e-15
406,Homeodomain,PF00046.32,Homeodomain,CAH1638790.1,unnamed protein product [Spodoptera littoralis],+8131162:8144019,9.9e-65
407,NAGidase,PF07555.16,beta-N-acetylglucosaminidase,CAH1641601.1,unnamed protein product [Spodoptera littoralis],-10022889:10044764,1.1e-79
408,USP7_ICP0_bdg,PF12436.11,ICP0-binding domain of Ubiquitin-specific protease 7,CAH1645593.1,unnamed protein product [Spodoptera littoralis],+9647945:9663243,1.1e-75
409,Tudor-knot,PF11717.11,RNA binding activity-knot of a chromodomain,CAH1645363.1,unnamed protein product [Spodoptera littoralis],+3681386:3682714,2.3e-20
410,zf-HIT,PF04438.19,HIT zinc finger,CAH1639293.1,unnamed protein product [Spodoptera littoralis],+11314392:11315554,2.1e-10
411,SANTA,PF09133.13,SANTA (SANT Associated),,,,
412,SF3b1,PF08920.13,Splicing factor 3B subunit 1,CAH1646068.1,unnamed protein product [Spodoptera littoralis],+7658491:7665629,4.8e-45
413,TBP-binding,PF09247.14,TATA box-binding protein binding,CAH1645480.1,unnamed protein product [Spodoptera littoralis],+6802199:6826757,8e-23
414,TFIID-18kDa,PF02269.19,"Transcription initiation factor IID, 18kD subunit",CAH1647213.1,unnamed protein product [Spodoptera littoralis],+10665840:10666940,1.7e-35
415,PARG_cat,PF05028.17,Poly (ADP-ribose) glycohydrolase (PARG),CAH1646843.1,unnamed protein product [Spodoptera littoralis],+13973049:13987664,4.2e-95
416,Arb2,PF09757.12,Arb2 domain,CAH1637471.1,unnamed protein product [Spodoptera littoralis],+13018710:13020120,2.4e-10
417,DPF1-3_N,PF14051.9,"DPF1-3, N-terminal",CAH1640729.1,unnamed protein product [Spodoptera littoralis],-8168657:8189929,1.1e-37
418,dCMP_cyt_deam_1,PF00383.26,Cytidine and deoxycytidylate deaminase zinc-binding region,CAH1634753.1,unnamed protein product [Spodoptera littoralis],-5420930:5427985,3e-28
419,USP7_C2,PF14533.9,Ubiquitin-specific protease C-terminal,CAH1645593.1,unnamed protein product [Spodoptera littoralis],+9647945:9663243,2.2e-64
420,PTCB-BRCT,PF12738.10,twin BRCT domain,CAH1641015.1,unnamed protein product [Spodoptera littoralis],+3878060:3896756,3.8e-41
421,HAND,PF09110.14,HAND,CAH1635166.1,unnamed protein product [Spodoptera littoralis],+7008156:7013153,1.6e-29
422,Menin,PF05053.16,Menin,CAH1646667.1,unnamed protein product [Spodoptera littoralis],+9333867:9336243,2.1e-179
423,SPRY,PF00622.31,SPRY domain,CAH1642165.1,unnamed protein product [Spodoptera littoralis],-9373436:9534769,1.6e-68
424,CDC73_C,PF05179.17,"RNA pol II accessory factor, Cdc73 family, C-terminal",CAH1643533.1,unnamed protein product [Spodoptera littoralis],+9757046:9762040,5.9e-49
425,2-Hacid_dh_C,PF02826.22,"D-isomer specific 2-hydroxyacid dehydrogenase, NAD binding domain",CAH1639295.1,unnamed protein product [Spodoptera littoralis],+11427690:11440400,7.3e-62
426,PID,PF00640.26,Phosphotyrosine interaction domain (PTB/PID),CAH1639453.1,unnamed protein product [Spodoptera littoralis],-2000464:2030928,1.2e-47
427,Recep_L_domain,PF01030.27,Receptor L domain,CAH1647486.1,unnamed protein product [Spodoptera littoralis],+7033003:7048084,8.4e-50
428,Myosin_TH1,PF06017.16,"Unconventional myosin tail, actin- and lipid-binding",CAH1638015.1,unnamed protein product [Spodoptera littoralis],-969417:1005149,5.2e-30
429,zf-RAG1,PF10426.12,Recombination-activating protein 1 zinc-finger domain,,,,
430,MT-A70,PF05063.17,MT-A70,CAH1640645.1,unnamed protein product [Spodoptera littoralis],-5708944:5719141,1.8e-59
431,RMI1_N,PF08585.15,RecQ mediated genome instability protein,CAH1638982.1,unnamed protein product [Spodoptera littoralis],+1413280:1424037,1.6e-45
432,LRR_8,PF13855.9,Leucine rich repeat,CAH1647134.1,unnamed protein product [Spodoptera littoralis],+8507968:8512940,7e-148
433,Scm3,PF10384.12,Centromere protein Scm3,,,,
434,Helicase_C,PF00271.34,Helicase conserved C-terminal domain,CAH1637852.1,unnamed protein product [Spodoptera littoralis],-10081417:10084203,3.5e-33
435,Linker_histone,PF00538.22,linker histone H1 and H5 family,CAH1642069.1,unnamed protein product [Spodoptera littoralis],-4972369:4975562,2.8e-26
436,HMG_box,PF00505.22,HMG (high mobility group) box,CAH1635349.1,unnamed protein product [Spodoptera littoralis],-11308081:11315876,3.5e-32
437,BACK,PF07707.18,BTB And C-terminal Kelch,CAH1645225.1,unnamed protein product [Spodoptera littoralis],-15572092:15577719,1.5e-38
438,DUF3544,PF12064.11,Protein kinase C-binding protein 1,,,,
439,EIN3,PF04873.16,Ethylene insensitive 3,,,,
440,Cullin_Nedd8,PF10557.12,Cullin protein neddylation domain,CAH1642982.1,unnamed protein product [Spodoptera littoralis],-4783103:4801023,1.8e-27
441,Abhydrolase_5,PF12695.10,Alpha/beta hydrolase family,CAH1640874.1,unnamed protein product [Spodoptera littoralis],-12741829:12743097,0.0024
442,IKI3,PF04762.15,IKI3 family,CAH1637344.1,unnamed protein product [Spodoptera littoralis],+7583982:7589827,3e-251
443,YL1,PF05764.16,YL1 nuclear protein,CAH1635783.1,unnamed protein product [Spodoptera littoralis],+11739586:11747339,1.3e-40
444,Hormone_recep,PF00104.33,Ligand-binding domain of nuclear hormone receptor,CAH1640204.1,unnamed protein product [Spodoptera littoralis],-5030207:5050247,9.2e-42
445,CHDCT2,PF08074.14,CHDCT2 (NUC038) domain,CAH1646241.1,unnamed protein product [Spodoptera littoralis],-12545371:12562062,8.8e-78
446,OB_NTP_bind,PF07717.19,Oligonucleotide/oligosaccharide-binding (OB)-fold,CAH1644856.1,unnamed protein product [Spodoptera littoralis],+6114641:6117716,2.5e-22
447,HLH,PF00010.29,Helix-loop-helix DNA-binding domain,CAH1642715.1,unnamed protein product [Spodoptera littoralis],+3212343:3234844,1.9e-25
448,HECT,PF00632.28,HECT-domain (ubiquitin-transferase),CAH1640060.1,unnamed protein product [Spodoptera littoralis],-768283:801858,2.6e-96
449,TAFII55_N,PF04658.16,TAFII55 protein conserved region,CAH1637962.1,unnamed protein product [Spodoptera littoralis],+13411532:13412743,4.4e-59
450,MBD_C,PF14048.9,C-terminal domain of methyl-CpG binding protein 2 and 3,CAH1637368.1,unnamed protein product [Spodoptera littoralis],-8326533:8334423,1.3e-31
451,Las1,PF04031.16,Las1-like,,,,
452,ubiquitin,PF00240.26,Ubiquitin family,CAH1637387.1,unnamed protein product [Spodoptera littoralis],-8802936:8805905,0
453,DUSP,PF06337.15,DUSP domain,CAH1640656.1,unnamed protein product [Spodoptera littoralis],+6161020:6194464,6.3e-24
454,zf-CXXC,PF02008.23,CXXC zinc finger domain,CAH1641189.1,unnamed protein product [Spodoptera littoralis],-9039527:9067505,5.2e-14
455,DUF3736,PF12540.11,Protein of unknown function (DUF3736),CAH1638792.1,unnamed protein product [Spodoptera littoralis],-8308437:8312493,9.3e-35
456,Hist_deacetyl,PF00850.22,Histone deacetylase domain,CAH1639946.1,unnamed protein product [Spodoptera littoralis],+14563906:14592503,2e-177
457,PAD_M,PF08527.13,Protein-arginine deiminase (PAD) middle domain,,,,
458,BPL_LplA_LipB,PF03099.22,Biotin/lipoate A/B protein ligase family,CAH1636078.1,unnamed protein product [Spodoptera littoralis],-6687975:6699096,1.8e-19
459,BEN,PF10523.12,BEN domain,CAH1642412.1,unnamed protein product [Spodoptera littoralis],+1952290:1954686,7.3e-16
460,HTH_Tnp_Tc5,PF03221.19,Tc5 transposase DNA-binding domain,CAH1644720.1,unnamed protein product [Spodoptera littoralis],-3859544:3863963,1.6e-07
461,PHD_2,PF13831.9,PHD-finger,CAH1641193.1,unnamed protein product [Spodoptera littoralis],+9159963:9181414,8.3e-16
462,UCH,PF00443.32,Ubiquitin carboxyl-terminal hydrolase,CAH1642184.1,unnamed protein product [Spodoptera littoralis],-295617:325403,1.8e-76
463,Kelch_5,PF13854.9,Kelch motif,CAH1641004.1,unnamed protein product [Spodoptera littoralis],-3666196:3681100,2.7e-34
464,HNF_C,PF09354.13,HNF3 C-terminal domain,,,,
465,Peptidase_M24,PF00557.27,Metallopeptidase family M24,CAH1636830.1,unnamed protein product [Spodoptera littoralis],-6183428:6189217,1.9e-54
466,HR1,PF02185.19,Hr1 repeat,CAH1645417.1,unnamed protein product [Spodoptera littoralis],+5052303:5055908,9.1e-39
467,Zfx_Zfy_act,PF04704.16,Zfx / Zfy transcription activation region,,,,
468,GATA,PF00320.30,GATA zinc finger,CAH1644489.1,unnamed protein product [Spodoptera littoralis],+10886480:10969441,9.9e-31
469,CPSF_A,PF03178.18,CPSF A subunit region,CAH1638806.1,unnamed protein product [Spodoptera littoralis],-8408364:8415755,5e-94
470,VIR_N,PF15912.8,"Virilizer, N-terminal",CAH1638468.1,unnamed protein product [Spodoptera littoralis],+356584:365021,1.1e-88
471,Tet_JBP,PF12851.10,Oxygenase domain of the 2OGFeDO superfamily,CAH1644559.1,unnamed protein product [Spodoptera littoralis],+13261485:13365557,3e-45
472,QLQ,PF08880.14,QLQ,CAH1643626.1,unnamed protein product [Spodoptera littoralis],+11683096:11689620,1.2e-08
473,LRR_9,PF14580.9,Leucine-rich repeat,CAH1644230.1,unnamed protein product [Spodoptera littoralis],+6924893:6926662,6.9e-91
474,Paxillin,PF03535.16,Paxillin family,,,,
475,Cir_N,PF10197.12,N-terminal domain of CBF1 interacting co-repressor CIR,CAH1644799.1,unnamed protein product [Spodoptera littoralis],+5090117:5092240,2.1e-15
476,UBN_AB,PF14075.9,Ubinuclein conserved middle domain,CAH1634926.1,unnamed protein product [Spodoptera littoralis],+12656096:12682068,3.6e-07
477,Piwi,PF02171.20,Piwi domain,CAH1639794.1,unnamed protein product [Spodoptera littoralis],+11271418:11281907,6e-110
478,Arrestin_C,PF02752.25,"Arrestin (or S-antigen), C-terminal domain",CAH1643695.1,unnamed protein product [Spodoptera littoralis],-13749162:13790177,3.4e-31
479,TPR_17,PF13431.9,Tetratricopeptide repeat,CAH1636401.1,unnamed protein product [Spodoptera littoralis],-5040958:5055233,2e-63
480,TSP_1,PF00090.22,Thrombospondin type 1 domain,CAH1635428.1,unnamed protein product [Spodoptera littoralis],-15059135:15075957,3.7e-34
481,Wtap,PF17098.8,WTAP/Mum2p family,CAH1639220.1,unnamed protein product [Spodoptera littoralis],+9250712:9254539,4.2e-57
482,AAA_22,PF13401.9,AAA domain,CAH1645022.1,unnamed protein product [Spodoptera littoralis],-9094530:9098927,3.8e-18
483,C1_1,PF00130.25,Phorbol esters/diacylglycerol binding domain (C1 domain),CAH1638049.1,unnamed protein product [Spodoptera littoralis],+2475262:2703713,1e-34
484,zf-SAP30,PF13866.9,SAP30 zinc-finger,CAH1635350.1,unnamed protein product [Spodoptera littoralis],+11319688:11320462,3.7e-39
485,zf-FCS,PF06467.17,MYM-type Zinc finger with FCS sequence motif,CAH1636430.1,unnamed protein product [Spodoptera littoralis],+6566424:6568496,1.3e-10
486,DUF3504,PF12012.11,Domain of unknown function (DUF3504),CAH1635962.1,unnamed protein product [Spodoptera littoralis],-3991618:4006924,3.3e-63
487,53-BP1_Tudor,PF09038.13,Tumour suppressor p53-binding protein-1 Tudor,CAH1639685.1,unnamed protein product [Spodoptera littoralis],+8810175:8812302,2.6e-05
488,UDG,PF03167.22,Uracil DNA glycosylase superfamily,CAH1644014.1,unnamed protein product [Spodoptera littoralis],-10489362:10518803,7.7e-21
489,Eaf7,PF07904.16,Chromatin modification-related protein EAF7,CAH1640622.1,unnamed protein product [Spodoptera littoralis],-4944324:4946508,1.8e-16
490,CAF1C_H4-bd,PF12265.11,Histone-binding protein RBBP4 or subunit C of CAF1 complex,CAH1639074.1,unnamed protein product [Spodoptera littoralis],+4013424:4019001,2.7e-29
491,APOBEC_C,PF05240.17,APOBEC-like C-terminal domain,,,,
492,OCRE,PF17780.4,OCRE domain,CAH1641686.1,unnamed protein product [Spodoptera littoralis],+139515:141713,5.1e-16
493,APOBEC_N,PF08210.14,APOBEC-like N-terminal domain,,,,
494,IQ,PF00612.30,IQ calmodulin-binding motif,CAH1645631.1,unnamed protein product [Spodoptera littoralis],-10497566:10506601,3.1e-31
495,DNMT1-RFD,PF12047.11,Cytosine specific DNA methyltransferase replication foci domain,CAH1638129.1,unnamed protein product [Spodoptera littoralis],-6101945:6109133,2.2e-40
496,NSRP1_N,PF09745.12,"Nuclear speckle splicing regulatory protein 1, N-terminal",CAH1639688.1,unnamed protein product [Spodoptera littoralis],-8877095:8878675,2.6e-37
497,SHNi-TPR,PF10516.12,SHNi-TPR,CAH1645374.1,unnamed protein product [Spodoptera littoralis],+4056430:4060824,3e-13
498,tRNA_bind_2,PF13725.9,Possible tRNA binding domain,CAH1634893.1,unnamed protein product [Spodoptera littoralis],+10880380:10896117,2.7e-55
499,Fcf2,PF08698.14,Fcf2 pre-rRNA processing,CAH1643693.1,unnamed protein product [Spodoptera littoralis],-13651743:13653550,2.7e-37
500,Ank_2,PF12796.10,Ankyrin repeats (3 copies),CAH1635817.1,unnamed protein product [Spodoptera littoralis],+12938471:12958255,2e-141
501,Pre-SET,PF05033.19,Pre-SET motif,CAH1643749.1,unnamed protein product [Spodoptera littoralis],-15512378:15523024,6e-17
502,Bromo_TP,PF07524.16,Bromodomain associated,CAH1636894.1,unnamed protein product [Spodoptera littoralis],+7670656:7673643,6.4e-21
503,RAG2,PF03089.17,Recombination activating protein 2,CAH1641004.1,unnamed protein product [Spodoptera littoralis],-3666196:3681100,0.0032
504,RIX1,PF08167.15,rRNA processing/ribosome biogenesis,CAH1643268.1,unnamed protein product [Spodoptera littoralis],+5884979:5894108,7.4e-05
505,Mad3_BUB1_I,PF08311.15,Mad3/BUB1 homology region 1,CAH1647139.1,unnamed protein product [Spodoptera littoralis],-8680317:8688295,8.3e-40
506,RAG1,PF12940.10,"Recombination-activation protein 1 (RAG1), recombinase",,,,
507,DUF908,PF06012.15,Domain of Unknown Function (DUF908),,,,
508,SWIB,PF02201.21,SWIB/MDM2 domain,CAH1641379.1,unnamed protein product [Spodoptera littoralis],-859067:864877,1.8e-24
509,zf-C3HC4_2,PF13923.9,"Zinc finger, C3HC4 type (RING finger)",CAH1645344.1,unnamed protein product [Spodoptera littoralis],+3065334:3067896,4.3e-16
